experiment_name,experiment_iteration,task_number,code_fix_count,code_syntax_status,obj_expected,obj_given,obj_status,sum_prompt_tokens,sum_completion_tokens,sum_prompt_tokens_price,sum_completion_tokens_price,sum_price
experiment_11,1,1,0,True,78.64,78.6376025,True,672,340,0.0001008,0.000204,0.0003048
experiment_11,1,2,0,True,15.0,15.0,True,420,197,6.3e-05,0.00011819999999999999,0.00018119999999999999
experiment_11,1,3,0,True,12000.0,12000.0,True,650,295,9.75e-05,0.000177,0.0002745
experiment_11,1,4,0,True,7.37,7.3703704,True,631,401,9.465e-05,0.0002406,0.00033525
experiment_11,1,5,0,True,240.9,240.89999999999998,True,964,533,0.0001446,0.0003198,0.0004644
experiment_11,1,6,0,True,2.0,2.0,True,534,308,8.01e-05,0.0001848,0.0002649
experiment_11,1,7,0,True,10305.11226,10305.112255,True,746,368,0.0001119,0.00022079999999999997,0.00033269999999999996
experiment_11,1,8,0,True,1000.0,1000.0,True,598,283,8.97e-05,0.00016979999999999998,0.00025949999999999997
experiment_11,1,9,0,True,20.0,20.0,True,550,208,8.25e-05,0.0001248,0.0002073
experiment_11,1,10,0,True,4.0,4.0,True,614,313,9.209999999999999e-05,0.00018779999999999998,0.0002799
experiment_11,1,11,0,True,970.0,970.0,True,686,386,0.0001029,0.0002316,0.0003345
experiment_11,1,12,0,True,3800.0,3800.0,True,755,360,0.00011325,0.000216,0.00032925
experiment_11,1,13,0,True,12000.0,12000.0,True,636,318,9.539999999999999e-05,0.00019079999999999998,0.00028619999999999996
experiment_11,1,14,0,True,3.0,3.0,True,636,347,9.539999999999999e-05,0.0002082,0.0003036
experiment_11,1,15,0,True,9600.0,9600.0,True,692,461,0.0001038,0.00027659999999999995,0.0003803999999999999
experiment_11,1,16,0,True,1380.0,1380.0,True,664,336,9.96e-05,0.0002016,0.0003012
experiment_11,1,17,0,True,35000.0,35000.0,True,727,407,0.00010905,0.00024419999999999997,0.00035324999999999994
experiment_11,1,18,0,True,1256.0,1048.0,False,904,492,0.0001356,0.00029519999999999997,0.00043079999999999995
experiment_11,2,1,0,True,78.64,78.6376025,True,672,317,0.0001008,0.0001902,0.00029099999999999997
experiment_11,2,2,0,True,15.0,15.0,True,420,193,6.3e-05,0.0001158,0.0001788
experiment_11,2,3,0,True,12000.0,12000.0,True,650,308,9.75e-05,0.0001848,0.0002823
experiment_11,2,4,0,True,7.37,7.3703704,True,631,362,9.465e-05,0.0002172,0.00031185
experiment_11,2,5,0,True,240.9,240.89999999999998,True,964,539,0.0001446,0.0003234,0.000468
experiment_11,2,6,0,True,2.0,2.0,True,534,387,8.01e-05,0.00023219999999999998,0.00031229999999999995
experiment_11,2,7,0,True,10305.11226,10305.112255,True,746,364,0.0001119,0.0002184,0.0003303
experiment_11,2,8,0,True,1000.0,1000.0,True,598,246,8.97e-05,0.00014759999999999998,0.00023729999999999997
experiment_11,2,9,0,True,20.0,20.0,True,550,204,8.25e-05,0.0001224,0.0002049
experiment_11,2,10,0,True,4.0,4.0,True,614,280,9.209999999999999e-05,0.000168,0.0002601
experiment_11,2,11,0,True,970.0,970.0,True,686,433,0.0001029,0.0002598,0.00036270000000000003
experiment_11,2,12,0,True,3800.0,3800.0,True,755,362,0.00011325,0.0002172,0.00033045
experiment_11,2,13,0,True,12000.0,12000.0,True,636,313,9.539999999999999e-05,0.00018779999999999998,0.00028319999999999994
experiment_11,2,14,0,True,3.0,3.0,True,636,314,9.539999999999999e-05,0.0001884,0.00028379999999999996
experiment_11,2,15,0,True,9600.0,9600.0,True,692,458,0.0001038,0.0002748,0.0003786
experiment_11,2,16,0,True,1380.0,1380.0,True,664,341,9.96e-05,0.00020459999999999999,0.00030419999999999997
experiment_11,2,17,0,True,35000.0,35000.0,True,727,412,0.00010905,0.0002472,0.00035625
experiment_11,2,18,0,True,1256.0,1256.0,True,904,548,0.0001356,0.0003288,0.0004644
experiment_11,3,1,0,True,78.64,78.6376025,True,672,307,0.0001008,0.00018419999999999998,0.000285
experiment_11,3,2,0,True,15.0,15.0,True,420,199,6.3e-05,0.00011939999999999999,0.0001824
experiment_11,3,3,0,True,12000.0,12000.0,True,650,294,9.75e-05,0.0001764,0.0002739
experiment_11,3,4,0,True,7.37,7.3703704,True,631,356,9.465e-05,0.0002136,0.00030825
experiment_11,3,5,0,True,240.9,240.89999999999998,True,964,510,0.0001446,0.000306,0.0004506
experiment_11,3,6,1,True,2.0,2.0,True,1145,703,0.00017174999999999997,0.00042179999999999995,0.00059355
experiment_11,3,7,0,True,10305.11226,10305.112255,True,746,393,0.0001119,0.00023579999999999999,0.0003477
experiment_11,3,8,0,True,1000.0,1000.0,True,598,265,8.97e-05,0.000159,0.0002487
experiment_11,3,9,0,True,20.0,20.0,True,550,208,8.25e-05,0.0001248,0.0002073
experiment_11,3,10,0,True,4.0,4.0,True,614,281,9.209999999999999e-05,0.0001686,0.0002607
experiment_11,3,11,0,True,970.0,970.0,True,686,449,0.0001029,0.0002694,0.0003723
experiment_11,3,12,0,True,3800.0,3800.0,True,755,382,0.00011325,0.0002292,0.00034245
experiment_11,3,13,0,True,12000.0,12000.0,True,636,338,9.539999999999999e-05,0.0002028,0.0002982
experiment_11,3,14,0,True,3.0,3.0,True,636,425,9.539999999999999e-05,0.000255,0.0003504
experiment_11,3,15,0,True,9600.0,9600.0,True,692,404,0.0001038,0.00024239999999999998,0.00034619999999999996
experiment_11,3,16,0,True,1380.0,1380.0,True,664,336,9.96e-05,0.0002016,0.0003012
experiment_11,3,17,0,True,35000.0,35000.0,True,727,443,0.00010905,0.0002658,0.00037485000000000003
experiment_11,3,18,0,True,1256.0,1267.0,True,904,486,0.0001356,0.0002916,0.0004272
experiment_11,4,1,0,True,78.64,78.6376025,True,672,316,0.0001008,0.0001896,0.0002904
experiment_11,4,2,0,True,15.0,15.0,True,420,184,6.3e-05,0.00011039999999999999,0.00017339999999999999
experiment_11,4,3,0,True,12000.0,12000.0,True,650,291,9.75e-05,0.0001746,0.0002721
experiment_11,4,4,0,True,7.37,7.3703704,True,631,335,9.465e-05,0.000201,0.00029565
experiment_11,4,5,0,True,240.9,240.89999999999998,True,964,542,0.0001446,0.0003252,0.0004698
experiment_11,4,6,0,True,2.0,1.0,False,534,284,8.01e-05,0.0001704,0.00025049999999999996
experiment_11,4,7,1,True,10305.11226,10305.112255,True,1378,877,0.00020669999999999998,0.0005261999999999999,0.0007328999999999999
experiment_11,4,8,0,True,1000.0,1000.0,True,598,280,8.97e-05,0.000168,0.0002577
experiment_11,4,9,1,True,20.0,20.0,True,956,380,0.0001434,0.00022799999999999999,0.0003714
experiment_11,4,10,1,True,4.0,4.0,True,1391,616,0.00020865,0.0003696,0.00057825
experiment_11,4,11,0,True,970.0,970.0,True,686,428,0.0001029,0.0002568,0.0003597
experiment_11,4,12,0,True,3800.0,3800.0,True,755,391,0.00011325,0.00023459999999999998,0.00034784999999999997
experiment_11,4,13,0,True,12000.0,12000.0,True,636,336,9.539999999999999e-05,0.0002016,0.00029699999999999996
experiment_11,4,14,0,True,3.0,3.0,True,636,326,9.539999999999999e-05,0.00019559999999999998,0.00029099999999999997
experiment_11,4,15,0,True,9600.0,9600.0,True,692,416,0.0001038,0.0002496,0.0003534
experiment_11,4,16,0,True,1380.0,1380.0,True,664,302,9.96e-05,0.00018119999999999999,0.0002808
experiment_11,4,17,0,True,35000.0,35000.0,True,727,444,0.00010905,0.00026639999999999997,0.00037544999999999994
experiment_11,4,18,1,True,1256.0,1030.0,False,1955,970,0.00029325,0.000582,0.00087525
experiment_11,5,1,0,True,78.64,78.6376025,True,672,304,0.0001008,0.00018240000000000002,0.0002832
experiment_11,5,2,0,True,15.0,15.0,True,420,183,6.3e-05,0.0001098,0.0001728
experiment_11,5,3,0,True,12000.0,12000.0,True,650,301,9.75e-05,0.0001806,0.0002781
experiment_11,5,4,0,True,7.37,7.3703704,True,631,359,9.465e-05,0.0002154,0.00031005
experiment_11,5,5,0,True,240.9,240.89999999999998,True,964,534,0.0001446,0.0003204,0.00046499999999999997
experiment_11,5,6,1,True,2.0,2.0,True,1288,674,0.00019319999999999998,0.0004044,0.0005976
experiment_11,5,7,0,True,10305.11226,-277513.3348,False,746,378,0.0001119,0.00022679999999999998,0.0003387
experiment_11,5,8,0,True,1000.0,1000.0,True,598,268,8.97e-05,0.00016079999999999998,0.00025049999999999996
experiment_11,5,9,0,True,20.0,20.0,True,550,200,8.25e-05,0.00012,0.0002025
experiment_11,5,10,0,True,4.0,4.0,True,614,278,9.209999999999999e-05,0.0001668,0.00025889999999999995
experiment_11,5,11,0,True,970.0,970.0,True,686,404,0.0001029,0.00024239999999999998,0.0003453
experiment_11,5,12,0,True,3800.0,3800.0,True,755,365,0.00011325,0.000219,0.00033225
experiment_11,5,13,0,True,12000.0,12000.0,True,636,327,9.539999999999999e-05,0.0001962,0.0002916
experiment_11,5,14,0,True,3.0,3.0,True,636,294,9.539999999999999e-05,0.0001764,0.0002718
experiment_11,5,15,0,True,9600.0,9600.0,True,692,426,0.0001038,0.0002556,0.00035939999999999995
experiment_11,5,16,0,True,1380.0,1380.0,True,664,347,9.96e-05,0.0002082,0.0003078
experiment_11,5,17,0,True,35000.0,35000.0,True,727,409,0.00010905,0.0002454,0.00035444999999999997
experiment_11,5,18,1,True,1256.0,1048.0,False,1968,996,0.0002952,0.0005976,0.0008928
experiment_11,6,1,1,True,78.64,78.6376025,True,1183,590,0.00017745,0.00035400000000000004,0.00053145
experiment_11,6,2,0,True,15.0,15.0,True,420,188,6.3e-05,0.00011279999999999999,0.0001758
experiment_11,6,3,0,True,12000.0,12000.0,True,650,300,9.75e-05,0.00018,0.0002775
experiment_11,6,4,0,True,7.37,7.3703704,True,631,362,9.465e-05,0.0002172,0.00031185
experiment_11,6,5,0,True,240.9,240.89999999999998,True,964,519,0.0001446,0.0003114,0.00045599999999999997
experiment_11,6,6,1,True,2.0,2.0,True,1266,583,0.0001899,0.0003498,0.0005396999999999999
experiment_11,6,7,0,True,10305.11226,10305.112255,True,746,375,0.0001119,0.000225,0.0003369
experiment_11,6,8,0,True,1000.0,1000.0,True,598,298,8.97e-05,0.00017879999999999998,0.00026849999999999997
experiment_11,6,9,0,True,20.0,20.0,True,550,209,8.25e-05,0.00012539999999999999,0.00020789999999999998
experiment_11,6,10,0,True,4.0,4.0,True,614,263,9.209999999999999e-05,0.0001578,0.00024989999999999995
experiment_11,6,11,0,True,970.0,970.0,True,686,388,0.0001029,0.0002328,0.0003357
experiment_11,6,12,0,True,3800.0,3800.0,True,755,391,0.00011325,0.00023459999999999998,0.00034784999999999997
experiment_11,6,13,0,True,12000.0,12000.0,True,636,329,9.539999999999999e-05,0.0001974,0.00029279999999999996
experiment_11,6,14,0,True,3.0,3.0,True,636,335,9.539999999999999e-05,0.000201,0.0002964
experiment_11,6,15,0,True,9600.0,9600.0,True,692,407,0.0001038,0.00024419999999999997,0.000348
experiment_11,6,16,1,True,1380.0,1380.0,True,1469,656,0.00022035,0.00039359999999999997,0.0006139499999999999
experiment_11,6,17,0,True,35000.0,35000.0,True,727,431,0.00010905,0.00025859999999999994,0.00036764999999999996
experiment_11,6,18,1,True,1256.0,1256.0,True,2050,1160,0.0003075,0.000696,0.0010035
experiment_11,7,1,0,True,78.64,78.6376025,True,672,305,0.0001008,0.000183,0.0002838
experiment_11,7,2,0,True,15.0,15.0,True,420,205,6.3e-05,0.000123,0.00018600000000000002
experiment_11,7,3,0,True,12000.0,12000.0,True,650,294,9.75e-05,0.0001764,0.0002739
experiment_11,7,4,1,True,7.37,7.3703704,True,1488,734,0.00022319999999999998,0.00044039999999999997,0.0006636
experiment_11,7,5,0,True,240.9,240.89999999999998,True,964,564,0.0001446,0.0003384,0.000483
experiment_11,7,6,1,True,2.0,2.0,True,1249,645,0.00018735,0.000387,0.00057435
experiment_11,7,7,0,True,10305.11226,10305.112255,True,746,386,0.0001119,0.0002316,0.0003435
experiment_11,7,8,0,True,1000.0,1000.0,True,598,280,8.97e-05,0.000168,0.0002577
experiment_11,7,9,0,True,20.0,20.0,True,550,195,8.25e-05,0.000117,0.0001995
experiment_11,7,10,0,True,4.0,4.0,True,614,263,9.209999999999999e-05,0.0001578,0.00024989999999999995
experiment_11,7,11,0,True,970.0,970.0,True,686,460,0.0001029,0.000276,0.0003789
experiment_11,7,12,0,True,3800.0,3800.0,True,755,361,0.00011325,0.0002166,0.00032985
experiment_11,7,13,0,True,12000.0,12000.0,True,636,327,9.539999999999999e-05,0.0001962,0.0002916
experiment_11,7,14,0,True,3.0,3.0,True,636,312,9.539999999999999e-05,0.0001872,0.0002826
experiment_11,7,15,0,True,9600.0,9600.0,True,692,483,0.0001038,0.0002898,0.0003936
experiment_11,7,16,0,True,1380.0,1380.0,True,664,335,9.96e-05,0.000201,0.0003006
experiment_11,7,17,0,True,35000.0,35000.0,True,727,396,0.00010905,0.0002376,0.00034665
experiment_11,7,18,0,True,1256.0,1048.0,False,904,531,0.0001356,0.0003186,0.0004542
experiment_11,8,1,0,True,78.64,78.6376025,True,672,320,0.0001008,0.000192,0.0002928
experiment_11,8,2,0,True,15.0,15.0,True,420,188,6.3e-05,0.00011279999999999999,0.0001758
experiment_11,8,3,0,True,12000.0,12000.0,True,650,300,9.75e-05,0.00018,0.0002775
experiment_11,8,4,0,True,7.37,7.3703704,True,631,327,9.465e-05,0.0001962,0.00029085
experiment_11,8,5,0,True,240.9,240.89999999999998,True,964,493,0.0001446,0.00029580000000000003,0.0004404
experiment_11,8,6,1,True,2.0,2.0,True,1276,619,0.0001914,0.0003714,0.0005628
experiment_11,8,7,3,True,10305.11226,10305.112255,True,5312,1636,0.0007967999999999999,0.0009816,0.0017783999999999999
experiment_11,8,8,0,True,1000.0,1000.0,True,598,271,8.97e-05,0.0001626,0.0002523
experiment_11,8,9,0,True,20.0,20.0,True,550,216,8.25e-05,0.0001296,0.0002121
experiment_11,8,10,0,True,4.0,4.0,True,614,288,9.209999999999999e-05,0.00017279999999999997,0.0002649
experiment_11,8,11,0,True,970.0,970.0,True,686,420,0.0001029,0.000252,0.0003549
experiment_11,8,12,0,True,3800.0,3800.0,True,755,363,0.00011325,0.00021779999999999998,0.00033105
experiment_11,8,13,0,True,12000.0,12000.0,True,636,304,9.539999999999999e-05,0.00018240000000000002,0.00027780000000000003
experiment_11,8,14,0,True,3.0,3.0,True,636,335,9.539999999999999e-05,0.000201,0.0002964
experiment_11,8,15,0,True,9600.0,9600.0,True,692,413,0.0001038,0.0002478,0.0003516
experiment_11,8,16,0,True,1380.0,1380.0,True,664,350,9.96e-05,0.00021,0.0003096
experiment_11,8,17,0,True,35000.0,35000.0,True,727,434,0.00010905,0.0002604,0.00036945
experiment_11,8,18,0,True,1256.0,1048.0,False,904,558,0.0001356,0.0003348,0.0004704
experiment_11,9,1,0,True,78.64,78.6376025,True,672,312,0.0001008,0.0001872,0.000288
experiment_11,9,2,0,True,15.0,15.0,True,420,185,6.3e-05,0.000111,0.000174
experiment_11,9,3,0,True,12000.0,12000.0,True,650,293,9.75e-05,0.0001758,0.0002733
experiment_11,9,4,0,True,7.37,7.3703704,True,631,345,9.465e-05,0.000207,0.00030165
experiment_11,9,5,0,True,240.9,240.89999999999998,True,964,505,0.0001446,0.000303,0.0004476
experiment_11,9,6,0,True,2.0,1.0,False,534,277,8.01e-05,0.0001662,0.00024629999999999997
experiment_11,9,7,0,True,10305.11226,10305.112255,True,746,428,0.0001119,0.0002568,0.0003687
experiment_11,9,8,0,True,1000.0,1000.0,True,598,301,8.97e-05,0.0001806,0.0002703
experiment_11,9,9,0,True,20.0,20.0,True,550,206,8.25e-05,0.0001236,0.0002061
experiment_11,9,10,0,True,4.0,4.0,True,614,272,9.209999999999999e-05,0.00016319999999999998,0.00025529999999999997
experiment_11,9,11,0,True,970.0,970.0,True,686,369,0.0001029,0.00022140000000000001,0.0003243
experiment_11,9,12,1,True,3800.0,3800.0,True,1339,735,0.00020084999999999998,0.000441,0.00064185
experiment_11,9,13,0,True,12000.0,12000.0,True,636,269,9.539999999999999e-05,0.0001614,0.00025679999999999995
experiment_11,9,14,0,True,3.0,3.0,True,636,327,9.539999999999999e-05,0.0001962,0.0002916
experiment_11,9,15,1,True,9600.0,9600.0,True,1677,896,0.00025155,0.0005376000000000001,0.0007891500000000001
experiment_11,9,16,0,True,1380.0,1380.0,True,664,340,9.96e-05,0.000204,0.0003036
experiment_11,9,17,0,True,35000.0,35000.0,True,727,423,0.00010905,0.0002538,0.00036284999999999996
experiment_11,9,18,1,True,1256.0,1048.0,False,2040,1140,0.00030599999999999996,0.000684,0.00099
experiment_11,10,1,0,True,78.64,78.6376025,True,672,298,0.0001008,0.00017879999999999998,0.00027959999999999997
experiment_11,10,2,0,True,15.0,15.0,True,420,190,6.3e-05,0.000114,0.00017700000000000002
experiment_11,10,3,0,True,12000.0,12000.0,True,650,277,9.75e-05,0.0001662,0.0002637
experiment_11,10,4,0,True,7.37,7.3703704,True,631,358,9.465e-05,0.0002148,0.00030944999999999996
experiment_11,10,5,0,True,240.9,240.89999999999998,True,964,474,0.0001446,0.0002844,0.00042899999999999997
experiment_11,10,6,3,False,2.0,,False,4632,1199,0.0006948,0.0007193999999999999,0.0014142
experiment_11,10,7,0,True,10305.11226,10305.112255,True,746,411,0.0001119,0.0002466,0.0003585
experiment_11,10,8,0,True,1000.0,1000.0,True,598,258,8.97e-05,0.0001548,0.0002445
experiment_11,10,9,0,True,20.0,20.0,True,550,212,8.25e-05,0.0001272,0.0002097
experiment_11,10,10,0,True,4.0,4.0,True,614,251,9.209999999999999e-05,0.0001506,0.0002427
experiment_11,10,11,0,True,970.0,970.0,True,686,445,0.0001029,0.000267,0.0003699
experiment_11,10,12,0,True,3800.0,3800.0,True,755,372,0.00011325,0.00022319999999999998,0.00033644999999999997
experiment_11,10,13,1,True,12000.0,12000.0,True,1454,656,0.0002181,0.00039359999999999997,0.0006117
experiment_11,10,14,0,True,3.0,3.0,True,636,315,9.539999999999999e-05,0.000189,0.0002844
experiment_11,10,15,0,True,9600.0,9600.0,True,692,404,0.0001038,0.00024239999999999998,0.00034619999999999996
experiment_11,10,16,0,True,1380.0,1380.0,True,664,320,9.96e-05,0.000192,0.0002916
experiment_11,10,17,0,True,35000.0,35000.0,True,727,404,0.00010905,0.00024239999999999998,0.00035145
experiment_11,10,18,1,True,1256.0,1048.0,False,2034,1158,0.0003051,0.0006948,0.0009999
experiment_12,1,1,0,True,78.64,78.6376025,True,672,299,0.00168,0.00299,0.0046700000000000005
experiment_12,1,2,0,True,15.0,15.0,True,420,180,0.00105,0.0018,0.00285
experiment_12,1,3,0,True,12000.0,12000.0,True,650,353,0.001625,0.00353,0.005155
experiment_12,1,4,0,True,7.37,7.3703704,True,631,395,0.0015775,0.00395,0.0055275
experiment_12,1,5,0,True,240.9,240.89999999999998,True,964,514,0.00241,0.00514,0.007549999999999999
experiment_12,1,6,0,True,2.0,2.0,True,534,319,0.001335,0.00319,0.004525
experiment_12,1,7,1,True,10305.11226,12886.666652,False,1333,751,0.00195305,0.0039192,0.005872250000000001
experiment_12,1,8,0,True,1000.0,1000.0,True,598,328,0.001495,0.00328,0.004775
experiment_12,1,9,0,True,20.0,20.0,True,550,233,0.001375,0.00233,0.003705
experiment_12,1,10,0,True,4.0,4.0,True,614,306,0.001535,0.00306,0.004595
experiment_12,1,11,0,True,970.0,970.0,True,686,352,0.001715,0.00352,0.005235
experiment_12,1,12,1,True,3800.0,3800.0,True,1336,745,0.00197465,0.0038686,0.0058432499999999995
experiment_12,1,13,0,True,12000.0,12000.0,True,636,296,0.00159,0.00296,0.00455
experiment_12,1,14,0,True,3.0,3.0,True,636,333,0.00159,0.00333,0.00492
experiment_12,1,15,0,True,9600.0,9600.0,True,692,429,0.00173,0.00429,0.00602
experiment_12,1,16,0,True,1380.0,1380.0,True,664,304,0.00166,0.00304,0.0047
experiment_12,1,17,0,True,35000.0,35000.0,True,727,389,0.0018175,0.00389,0.0057075
experiment_12,1,18,0,True,1256.0,1256.0,True,904,526,0.00226,0.00526,0.00752
experiment_12,2,1,0,True,78.64,78.6376025,True,672,363,0.00168,0.00363,0.0053100000000000005
experiment_12,2,2,0,True,15.0,15.0,True,420,187,0.00105,0.00187,0.00292
experiment_12,2,3,0,True,12000.0,12000.0,True,650,338,0.001625,0.00338,0.005005
experiment_12,2,4,0,True,7.37,7.3703704,True,631,331,0.0015775,0.00331,0.0048874999999999995
experiment_12,2,5,0,True,240.9,240.89999999999998,True,964,514,0.00241,0.00514,0.007549999999999999
experiment_12,2,6,0,True,2.0,2.0,True,534,397,0.001335,0.00397,0.005305
experiment_12,2,7,0,True,10305.11226,12886.666652,False,746,392,0.001865,0.00392,0.005785
experiment_12,2,8,0,True,1000.0,1000.0,True,598,295,0.001495,0.00295,0.004445
experiment_12,2,9,0,True,20.0,20.0,True,550,194,0.001375,0.00194,0.0033150000000000002
experiment_12,2,10,0,True,4.0,4.0,True,614,310,0.001535,0.0031,0.004635
experiment_12,2,11,0,True,970.0,970.0,True,686,385,0.001715,0.00385,0.0055650000000000005
experiment_12,2,12,0,True,3800.0,3800.0,True,755,327,0.0018875,0.00327,0.0051575
experiment_12,2,13,0,True,12000.0,12000.0,True,636,329,0.00159,0.00329,0.00488
experiment_12,2,14,0,True,3.0,3.0,True,636,280,0.00159,0.0028,0.00439
experiment_12,2,15,0,True,9600.0,9600.0,True,692,393,0.00173,0.00393,0.00566
experiment_12,2,16,0,True,1380.0,1380.0,True,664,390,0.00166,0.0039,0.00556
experiment_12,2,17,0,True,35000.0,35000.0,True,727,451,0.0018175,0.00451,0.0063275
experiment_12,2,18,0,True,1256.0,1256.0,True,904,547,0.00226,0.00547,0.00773
experiment_12,3,1,0,True,78.64,78.6376025,True,672,329,0.00168,0.00329,0.0049700000000000005
experiment_12,3,2,0,True,15.0,15.0,True,420,184,0.00105,0.00184,0.00289
experiment_12,3,3,0,True,12000.0,12000.0,True,650,349,0.001625,0.00349,0.005115
experiment_12,3,4,0,True,7.37,7.3703704,True,631,450,0.0015775,0.0045,0.0060775
experiment_12,3,5,0,True,240.9,240.89999999999998,True,964,566,0.00241,0.00566,0.00807
experiment_12,3,6,0,True,2.0,2.0,True,534,298,0.001335,0.00298,0.004315
experiment_12,3,7,0,True,10305.11226,12886.666652,False,746,387,0.001865,0.00387,0.0057350000000000005
experiment_12,3,8,0,True,1000.0,1000.0,True,598,253,0.001495,0.00253,0.004025
experiment_12,3,9,0,True,20.0,20.0,True,550,213,0.001375,0.00213,0.003505
experiment_12,3,10,0,True,4.0,4.0,True,614,240,0.001535,0.0024,0.003934999999999999
experiment_12,3,11,0,True,970.0,970.0,True,686,309,0.001715,0.00309,0.004805
experiment_12,3,12,0,True,3800.0,3800.0,True,755,362,0.0018875,0.00362,0.0055075
experiment_12,3,13,0,True,12000.0,12000.0,True,636,315,0.00159,0.00315,0.00474
experiment_12,3,14,0,True,3.0,3.0,True,636,297,0.00159,0.00297,0.00456
experiment_12,3,15,0,True,9600.0,9600.0,True,692,452,0.00173,0.00452,0.0062499999999999995
experiment_12,3,16,0,True,1380.0,1380.0,True,664,347,0.00166,0.00347,0.00513
experiment_12,3,17,0,True,35000.0,35000.0,True,727,461,0.0018175,0.00461,0.006427500000000001
experiment_12,3,18,0,True,1256.0,1256.0,True,904,518,0.00226,0.00518,0.0074399999999999996
experiment_12,4,1,0,True,78.64,78.6376025,True,672,322,0.00168,0.00322,0.0049
experiment_12,4,2,0,True,15.0,15.0,True,420,178,0.00105,0.00178,0.00283
experiment_12,4,3,0,True,12000.0,12000.0,True,650,308,0.001625,0.00308,0.004705
experiment_12,4,4,0,True,7.37,7.3703704,True,631,352,0.0015775,0.00352,0.0050975
experiment_12,4,5,0,True,240.9,240.89999999999998,True,964,572,0.00241,0.00572,0.00813
experiment_12,4,6,0,True,2.0,2.0,True,534,317,0.001335,0.00317,0.004505
experiment_12,4,7,0,True,10305.11226,10305.112255,True,746,390,0.001865,0.0039,0.005764999999999999
experiment_12,4,8,0,True,1000.0,1000.0,True,598,302,0.001495,0.00302,0.004515
experiment_12,4,9,0,True,20.0,20.0,True,550,193,0.001375,0.00193,0.0033049999999999998
experiment_12,4,10,1,True,4.0,4.0,True,1130,600,0.0016124,0.0031706,0.004783
experiment_12,4,11,0,True,970.0,970.0,True,686,330,0.001715,0.0033,0.005015
experiment_12,4,12,0,True,3800.0,3800.0,True,755,361,0.0018875,0.00361,0.0054975
experiment_12,4,13,0,True,12000.0,12000.0,True,636,297,0.00159,0.00297,0.00456
experiment_12,4,14,0,True,3.0,3.0,True,636,275,0.00159,0.00275,0.00434
experiment_12,4,15,0,True,9600.0,9600.0,True,692,360,0.00173,0.0036,0.00533
experiment_12,4,16,1,True,1380.0,1380.0,True,1238,722,0.0017461,0.003789,0.005535099999999999
experiment_12,4,17,0,True,35000.0,35000.0,True,727,488,0.0018175,0.00488,0.0066975
experiment_12,4,18,0,True,1256.0,1256.0,True,904,574,0.00226,0.00574,0.008
experiment_12,5,1,0,True,78.64,78.6376025,True,672,339,0.00168,0.00339,0.00507
experiment_12,5,2,0,True,15.0,15.0,True,420,191,0.00105,0.00191,0.00296
experiment_12,5,3,0,True,12000.0,12000.0,True,650,284,0.001625,0.00284,0.004465
experiment_12,5,4,0,True,7.37,7.3703704,True,631,329,0.0015775,0.00329,0.0048675
experiment_12,5,5,0,True,240.9,240.89999999999998,True,964,519,0.00241,0.00519,0.0076
experiment_12,5,6,0,True,2.0,2.0,True,534,296,0.001335,0.00296,0.004295
experiment_12,5,7,0,True,10305.11226,10305.112255,True,746,394,0.001865,0.00394,0.005804999999999999
experiment_12,5,8,0,True,1000.0,1000.0,True,598,302,0.001495,0.00302,0.004515
experiment_12,5,9,1,True,20.0,20.0,True,969,405,0.0014378499999999998,0.0021418,0.00357965
experiment_12,5,10,0,True,4.0,4.0,True,614,281,0.001535,0.00281,0.004345
experiment_12,5,11,0,True,970.0,970.0,True,686,362,0.001715,0.00362,0.0053349999999999995
experiment_12,5,12,0,True,3800.0,3800.0,True,755,362,0.0018875,0.00362,0.0055075
experiment_12,5,13,0,True,12000.0,12000.0,True,636,280,0.00159,0.0028,0.00439
experiment_12,5,14,0,True,3.0,3.0,True,636,370,0.00159,0.0037,0.00529
experiment_12,5,15,0,True,9600.0,9600.0,True,692,408,0.00173,0.00408,0.00581
experiment_12,5,16,0,True,1380.0,1380.0,True,664,320,0.00166,0.0032,0.00486
experiment_12,5,17,0,True,35000.0,35000.0,True,727,457,0.0018175,0.00457,0.006387500000000001
experiment_12,5,18,0,True,1256.0,1256.0,True,904,540,0.00226,0.0054,0.00766
experiment_12,6,1,0,True,78.64,78.6376025,True,672,323,0.00168,0.00323,0.0049099999999999994
experiment_12,6,2,0,True,15.0,15.0,True,420,202,0.00105,0.00202,0.00307
experiment_12,6,3,0,True,12000.0,12000.0,True,650,425,0.001625,0.00425,0.005875
experiment_12,6,4,0,True,7.37,7.3703704,True,631,344,0.0015775,0.00344,0.005017499999999999
experiment_12,6,5,0,True,240.9,240.89999999999998,True,964,512,0.00241,0.00512,0.00753
experiment_12,6,6,0,True,2.0,2.0,True,534,314,0.001335,0.00314,0.004475
experiment_12,6,7,0,True,10305.11226,10305.112255,True,746,390,0.001865,0.0039,0.005764999999999999
experiment_12,6,8,0,True,1000.0,1000.0,True,598,246,0.001495,0.00246,0.003955
experiment_12,6,9,0,True,20.0,20.0,True,550,200,0.001375,0.002,0.003375
experiment_12,6,10,0,True,4.0,4.0,True,614,262,0.001535,0.00262,0.004155
experiment_12,6,11,0,True,970.0,970.0,True,686,420,0.001715,0.0042,0.005915
experiment_12,6,12,0,True,3800.0,3800.0,True,755,341,0.0018875,0.00341,0.0052975
experiment_12,6,13,0,True,12000.0,12000.0,True,636,296,0.00159,0.00296,0.00455
experiment_12,6,14,0,True,3.0,3.0,True,636,309,0.00159,0.00309,0.00468
experiment_12,6,15,0,True,9600.0,9600.0,True,692,440,0.00173,0.0044,0.00613
experiment_12,6,16,0,True,1380.0,1380.0,True,664,369,0.00166,0.00369,0.005350000000000001
experiment_12,6,17,1,True,35000.0,35000.0,True,1357,828,0.001912,0.004379,0.006291
experiment_12,6,18,0,True,1256.0,1256.0,True,904,536,0.00226,0.00536,0.00762
experiment_12,7,1,0,True,78.64,78.6376025,True,672,381,0.00168,0.00381,0.00549
experiment_12,7,2,0,True,15.0,15.0,True,420,189,0.00105,0.00189,0.00294
experiment_12,7,3,0,True,12000.0,12000.0,True,650,340,0.001625,0.0034,0.005025
experiment_12,7,4,0,True,7.37,7.3703704,True,631,387,0.0015775,0.00387,0.0054475
experiment_12,7,5,0,True,240.9,240.89999999999998,True,964,536,0.00241,0.00536,0.00777
experiment_12,7,6,0,True,2.0,2.0,True,534,304,0.001335,0.00304,0.004375
experiment_12,7,7,1,True,10305.11226,10305.112255,True,1328,732,0.0019523,0.0038702,0.0058224999999999996
experiment_12,7,8,0,True,1000.0,1000.0,True,598,270,0.001495,0.0027,0.004195
experiment_12,7,9,0,True,20.0,20.0,True,550,196,0.001375,0.00196,0.003335
experiment_12,7,10,0,True,4.0,4.0,True,614,263,0.001535,0.00263,0.004165
experiment_12,7,11,0,True,970.0,970.0,True,686,319,0.001715,0.00319,0.004905
experiment_12,7,12,0,True,3800.0,3800.0,True,755,331,0.0018875,0.00331,0.0051975
experiment_12,7,13,0,True,12000.0,12000.0,True,636,336,0.00159,0.00336,0.00495
experiment_12,7,14,0,True,3.0,3.0,True,636,310,0.00159,0.0031,0.00469
experiment_12,7,15,0,True,9600.0,9600.0,True,692,410,0.00173,0.0041,0.00583
experiment_12,7,16,0,True,1380.0,1380.0,True,664,362,0.00166,0.00362,0.00528
experiment_12,7,17,0,True,35000.0,35000.0,True,727,398,0.0018175,0.00398,0.005797500000000001
experiment_12,7,18,0,True,1256.0,1256.0,True,904,617,0.00226,0.00617,0.00843
experiment_12,8,1,0,True,78.64,78.6376025,True,672,313,0.00168,0.00313,0.00481
experiment_12,8,2,0,True,15.0,15.0,True,420,184,0.00105,0.00184,0.00289
experiment_12,8,3,0,True,12000.0,12000.0,True,650,299,0.001625,0.00299,0.004615
experiment_12,8,4,0,True,7.37,7.3703704,True,631,351,0.0015775,0.00351,0.0050875
experiment_12,8,5,0,True,240.9,240.89999999999998,True,964,506,0.00241,0.00506,0.00747
experiment_12,8,6,0,True,2.0,2.0,True,534,420,0.001335,0.0042,0.005535
experiment_12,8,7,0,True,10305.11226,10305.112255,True,746,358,0.001865,0.00358,0.005445
experiment_12,8,8,0,True,1000.0,1000.0,True,598,285,0.001495,0.00285,0.004345
experiment_12,8,9,0,True,20.0,20.0,True,550,203,0.001375,0.00203,0.003405
experiment_12,8,10,0,True,4.0,4.0,True,614,248,0.001535,0.00248,0.0040149999999999995
experiment_12,8,11,0,True,970.0,970.0,True,686,310,0.001715,0.0031,0.004815
experiment_12,8,12,0,True,3800.0,3800.0,True,755,364,0.0018875,0.00364,0.0055275
experiment_12,8,13,0,True,12000.0,12000.0,True,636,302,0.00159,0.00302,0.00461
experiment_12,8,14,0,True,3.0,3.0,True,636,302,0.00159,0.00302,0.00461
experiment_12,8,15,0,True,9600.0,9600.0,True,692,315,0.00173,0.00315,0.00488
experiment_12,8,16,0,True,1380.0,1380.0,True,664,311,0.00166,0.00311,0.00477
experiment_12,8,17,0,True,35000.0,35000.0,True,727,392,0.0018175,0.00392,0.0057374999999999995
experiment_12,8,18,0,True,1256.0,1256.0,True,904,518,0.00226,0.00518,0.0074399999999999996
experiment_12,9,1,0,True,78.64,78.6376025,True,672,323,0.00168,0.00323,0.0049099999999999994
experiment_12,9,2,0,True,15.0,15.0,True,420,176,0.00105,0.00176,0.00281
experiment_12,9,3,0,True,12000.0,12000.0,True,650,284,0.001625,0.00284,0.004465
experiment_12,9,4,0,True,7.37,7.3703704,True,631,340,0.0015775,0.0034,0.004977499999999999
experiment_12,9,5,0,True,240.9,240.89999999999998,True,964,523,0.00241,0.00523,0.00764
experiment_12,9,6,0,True,2.0,2.0,True,534,332,0.001335,0.00332,0.004655
experiment_12,9,7,0,True,10305.11226,10305.112255,True,746,374,0.001865,0.00374,0.005605
experiment_12,9,8,0,True,1000.0,1000.0,True,598,249,0.001495,0.00249,0.003985
experiment_12,9,9,0,True,20.0,20.0,True,550,208,0.001375,0.00208,0.0034549999999999997
experiment_12,9,10,0,True,4.0,4.0,True,614,240,0.001535,0.0024,0.003934999999999999
experiment_12,9,11,0,True,970.0,970.0,True,686,368,0.001715,0.00368,0.0053950000000000005
experiment_12,9,12,0,True,3800.0,3800.0,True,755,325,0.0018875,0.00325,0.0051375
experiment_12,9,13,0,True,12000.0,12000.0,True,636,337,0.00159,0.00337,0.00496
experiment_12,9,14,0,True,3.0,3.0,True,636,288,0.00159,0.00288,0.00447
experiment_12,9,15,0,True,9600.0,9600.0,True,692,357,0.00173,0.00357,0.0053
experiment_12,9,16,0,True,1380.0,1380.0,True,664,301,0.00166,0.00301,0.0046700000000000005
experiment_12,9,17,0,True,35000.0,35000.0,True,727,412,0.0018175,0.00412,0.0059375
experiment_12,9,18,1,True,1256.0,1256.0,True,1677,1114,0.00237595,0.0058947999999999995,0.00827075
experiment_12,10,1,0,True,78.64,78.6376025,True,672,316,0.00168,0.00316,0.0048400000000000006
experiment_12,10,2,0,True,15.0,15.0,True,420,181,0.00105,0.00181,0.0028599999999999997
experiment_12,10,3,0,True,12000.0,12000.0,True,650,322,0.001625,0.00322,0.004845
experiment_12,10,4,0,True,7.37,7.3703704,True,631,319,0.0015775,0.00319,0.0047675
experiment_12,10,5,1,True,240.9,240.89999999999998,True,1728,1097,0.0025245999999999997,0.0058,0.0083246
experiment_12,10,6,0,True,2.0,2.0,True,534,348,0.001335,0.00348,0.004815
experiment_12,10,7,0,True,10305.11226,10305.112255,True,746,403,0.001865,0.00403,0.005894999999999999
experiment_12,10,8,0,True,1000.0,1000.0,True,598,292,0.001495,0.00292,0.004415
experiment_12,10,9,0,True,20.0,20.0,True,550,226,0.001375,0.00226,0.0036349999999999998
experiment_12,10,10,0,True,4.0,4.0,True,614,269,0.001535,0.00269,0.004225
experiment_12,10,11,0,True,970.0,970.0,True,686,353,0.001715,0.00353,0.005245
experiment_12,10,12,0,True,3800.0,3800.0,True,755,338,0.0018875,0.00338,0.0052675000000000005
experiment_12,10,13,0,True,12000.0,12000.0,True,636,282,0.00159,0.00282,0.00441
experiment_12,10,14,0,True,3.0,3.0,True,636,258,0.00159,0.00258,0.00417
experiment_12,10,15,0,True,9600.0,9600.0,True,692,384,0.00173,0.00384,0.00557
experiment_12,10,16,1,True,1380.0,1380.0,True,1255,756,0.00174865,0.0039692,0.00571785
experiment_12,10,17,0,True,35000.0,35000.0,True,727,460,0.0018175,0.0046,0.0064175
experiment_12,10,18,0,True,1256.0,1256.0,True,904,559,0.00226,0.00559,0.00785
experiment_13,1,1,0,True,78.64,78.6376025,True,672,353,0.0001008,0.00021179999999999997,0.00031259999999999995
experiment_13,1,2,0,True,15.0,15.0,True,420,183,6.3e-05,0.0001098,0.0001728
experiment_13,1,3,0,True,12000.0,12000.0,True,650,295,9.75e-05,0.000177,0.0002745
experiment_13,1,4,0,True,7.37,7.3703704,True,631,375,9.465e-05,0.000225,0.00031965
experiment_13,1,5,1,True,240.9,240.89999999999998,True,2049,1030,0.0028571,0.005459,0.0083161
experiment_13,1,6,1,True,2.0,2.0,True,1144,609,0.0016051000000000001,0.0033640000000000002,0.004969100000000001
experiment_13,1,7,0,True,10305.11226,10305.112255,True,746,398,0.0001119,0.00023879999999999998,0.00035069999999999996
experiment_13,1,8,0,True,1000.0,1000.0,True,598,255,8.97e-05,0.000153,0.0002427
experiment_13,1,9,1,True,20.0,20.0,True,969,406,0.00113,0.0021612000000000003,0.0032912
experiment_13,1,10,0,True,4.0,4.0,True,614,259,9.209999999999999e-05,0.0001554,0.0002475
experiment_13,1,11,1,True,970.0,970.0,True,1537,774,0.0022304,0.0041022,0.006332600000000001
experiment_13,1,12,0,True,3800.0,3800.0,True,755,360,0.00011325,0.000216,0.00032925
experiment_13,1,13,0,True,12000.0,12000.0,True,636,298,9.539999999999999e-05,0.00017879999999999998,0.00027419999999999994
experiment_13,1,14,0,True,3.0,3.0,True,636,316,9.539999999999999e-05,0.0001896,0.000285
experiment_13,1,15,0,True,9600.0,9600.0,True,692,475,0.0001038,0.000285,0.0003888
experiment_13,1,16,0,True,1380.0,1380.0,True,664,327,9.96e-05,0.0001962,0.0002958
experiment_13,1,17,0,True,35000.0,35000.0,True,727,429,0.00010905,0.00025739999999999997,0.00036644999999999994
experiment_13,1,18,1,True,1256.0,1256.0,True,2040,1140,0.0029756,0.0060420000000000005,0.0090176
experiment_13,2,1,0,True,78.64,78.6376025,True,672,302,0.0001008,0.00018119999999999999,0.00028199999999999997
experiment_13,2,2,0,True,15.0,15.0,True,420,192,6.3e-05,0.0001152,0.0001782
experiment_13,2,3,0,True,12000.0,12000.0,True,650,301,9.75e-05,0.0001806,0.0002781
experiment_13,2,4,0,True,7.37,7.3703704,True,631,347,9.465e-05,0.0002082,0.00030285
experiment_13,2,5,0,True,240.9,240.89999999999998,True,964,543,0.0001446,0.0003258,0.0004704
experiment_13,2,6,0,True,2.0,2.0,True,534,258,8.01e-05,0.0001548,0.0002349
experiment_13,2,7,0,True,10305.11226,-277513.3348,False,746,385,0.0001119,0.000231,0.0003429
experiment_13,2,8,0,True,1000.0,1000.0,True,598,239,8.97e-05,0.00014340000000000002,0.00023310000000000003
experiment_13,2,9,0,True,20.0,20.0,True,550,200,8.25e-05,0.00012,0.0002025
experiment_13,2,10,0,True,4.0,4.0,True,614,264,9.209999999999999e-05,0.0001584,0.00025049999999999996
experiment_13,2,11,0,True,970.0,970.0,True,686,398,0.0001029,0.00023879999999999998,0.00034169999999999996
experiment_13,2,12,0,True,3800.0,3800.0,True,755,388,0.00011325,0.0002328,0.00034605
experiment_13,2,13,0,True,12000.0,12000.0,True,636,351,9.539999999999999e-05,0.0002106,0.00030599999999999996
experiment_13,2,14,0,True,3.0,3.0,True,636,333,9.539999999999999e-05,0.00019979999999999998,0.00029519999999999997
experiment_13,2,15,0,True,9600.0,9600.0,True,692,410,0.0001038,0.000246,0.00034980000000000005
experiment_13,2,16,0,True,1380.0,1380.0,True,664,349,9.96e-05,0.0002094,0.000309
experiment_13,2,17,0,True,35000.0,35000.0,True,727,381,0.00010905,0.0002286,0.00033765
experiment_13,2,18,0,True,1256.0,1048.0,False,904,599,0.0001356,0.00035939999999999995,0.000495
experiment_13,3,1,0,True,78.64,78.6376025,True,672,316,0.0001008,0.0001896,0.0002904
experiment_13,3,2,0,True,15.0,15.0,True,420,204,6.3e-05,0.0001224,0.0001854
experiment_13,3,3,0,True,12000.0,12000.0,True,650,302,9.75e-05,0.00018119999999999999,0.0002787
experiment_13,3,4,1,True,7.37,7.3703704,True,1400,702,0.00201715,0.0037206,0.00573775
experiment_13,3,5,0,True,240.9,240.89999999999998,True,964,574,0.0001446,0.00034439999999999997,0.000489
experiment_13,3,6,0,True,2.0,1.0,False,534,288,8.01e-05,0.00017279999999999997,0.00025289999999999997
experiment_13,3,7,0,True,10305.11226,10305.112255,True,746,363,0.0001119,0.00021779999999999998,0.0003297
experiment_13,3,8,0,True,1000.0,1000.0,True,598,252,8.97e-05,0.0001512,0.0002409
experiment_13,3,9,0,True,20.0,20.0,True,550,207,8.25e-05,0.00012419999999999998,0.00020669999999999998
experiment_13,3,10,0,True,4.0,4.0,True,614,291,9.209999999999999e-05,0.0001746,0.0002667
experiment_13,3,11,0,True,970.0,970.0,True,686,404,0.0001029,0.00024239999999999998,0.0003453
experiment_13,3,12,0,True,3800.0,3800.0,True,755,372,0.00011325,0.00022319999999999998,0.00033644999999999997
experiment_13,3,13,0,True,12000.0,12000.0,True,636,339,9.539999999999999e-05,0.0002034,0.0002988
experiment_13,3,14,0,True,3.0,3.0,True,636,324,9.539999999999999e-05,0.0001944,0.0002898
experiment_13,3,15,0,True,9600.0,9600.0,True,692,465,0.0001038,0.000279,0.0003828
experiment_13,3,16,0,True,1380.0,1380.0,True,664,323,9.96e-05,0.0001938,0.0002934
experiment_13,3,17,0,True,35000.0,35000.0,True,727,393,0.00010905,0.00023579999999999999,0.00034484999999999995
experiment_13,3,18,0,True,1256.0,1256.0,True,904,559,0.0001356,0.00033539999999999997,0.00047099999999999996
experiment_13,4,1,0,True,78.64,78.6376025,True,672,319,0.0001008,0.00019140000000000002,0.0002922
experiment_13,4,2,1,True,15.0,15.0,True,1076,394,0.0017029999999999999,0.0020882,0.0037911999999999998
experiment_13,4,3,0,True,12000.0,12000.0,True,650,298,9.75e-05,0.00017879999999999998,0.0002763
experiment_13,4,4,0,True,7.37,7.3703704,True,631,351,9.465e-05,0.0002106,0.00030524999999999997
experiment_13,4,5,0,True,240.9,240.89999999999998,True,964,518,0.0001446,0.0003108,0.0004554
experiment_13,4,6,2,True,2.0,2.0,True,2380,910,0.0046951,0.006327,0.0110221
experiment_13,4,7,0,True,10305.11226,10305.112255,True,746,410,0.0001119,0.000246,0.0003579
experiment_13,4,8,0,True,1000.0,1000.0,True,598,273,8.97e-05,0.00016379999999999997,0.0002535
experiment_13,4,9,0,True,20.0,20.0,True,550,196,8.25e-05,0.0001176,0.00020009999999999998
experiment_13,4,10,0,True,4.0,4.0,True,614,273,9.209999999999999e-05,0.00016379999999999997,0.0002559
experiment_13,4,11,0,True,970.0,970.0,True,686,451,0.0001029,0.00027059999999999996,0.00037349999999999997
experiment_13,4,12,0,True,3800.0,3800.0,True,755,326,0.00011325,0.00019559999999999998,0.00030885
experiment_13,4,13,0,True,12000.0,12000.0,True,636,326,9.539999999999999e-05,0.00019559999999999998,0.00029099999999999997
experiment_13,4,14,0,True,3.0,3.0,True,636,311,9.539999999999999e-05,0.00018659999999999998,0.00028199999999999997
experiment_13,4,15,0,True,9600.0,9600.0,True,692,435,0.0001038,0.000261,0.0003648
experiment_13,4,16,0,True,1380.0,1380.0,True,664,336,9.96e-05,0.0002016,0.0003012
experiment_13,4,17,0,True,35000.0,35000.0,True,727,458,0.00010905,0.0002748,0.00038385000000000003
experiment_13,4,18,0,True,1256.0,1256.0,True,904,559,0.0001356,0.00033539999999999997,0.00047099999999999996
experiment_13,5,1,0,True,78.64,78.6376025,True,672,291,0.0001008,0.0001746,0.00027539999999999997
experiment_13,5,2,0,True,15.0,15.0,True,420,215,6.3e-05,0.000129,0.000192
experiment_13,5,3,0,True,12000.0,12000.0,True,650,271,9.75e-05,0.0001626,0.0002601
experiment_13,5,4,0,True,7.37,7.3703704,True,631,347,9.465e-05,0.0002082,0.00030285
experiment_13,5,5,0,True,240.9,240.89999999999998,True,964,611,0.0001446,0.00036659999999999997,0.0005112
experiment_13,5,6,0,True,2.0,2.0,True,534,292,8.01e-05,0.00017519999999999998,0.00025529999999999997
experiment_13,5,7,0,True,10305.11226,10402.53656,True,746,363,0.0001119,0.00021779999999999998,0.0003297
experiment_13,5,8,0,True,1000.0,1000.0,True,598,267,8.97e-05,0.0001602,0.0002499
experiment_13,5,9,0,True,20.0,20.0,True,550,198,8.25e-05,0.0001188,0.00020130000000000001
experiment_13,5,10,0,True,4.0,4.0,True,614,256,9.209999999999999e-05,0.0001536,0.00024569999999999995
experiment_13,5,11,0,True,970.0,970.0,True,686,445,0.0001029,0.000267,0.0003699
experiment_13,5,12,0,True,3800.0,3800.0,True,755,360,0.00011325,0.000216,0.00032925
experiment_13,5,13,0,True,12000.0,12000.0,True,636,280,9.539999999999999e-05,0.000168,0.0002634
experiment_13,5,14,0,True,3.0,3.0,True,636,319,9.539999999999999e-05,0.00019140000000000002,0.00028680000000000003
experiment_13,5,15,0,True,9600.0,9600.0,True,692,419,0.0001038,0.0002514,0.00035519999999999996
experiment_13,5,16,0,True,1380.0,1380.0,True,664,334,9.96e-05,0.0002004,0.0003
experiment_13,5,17,0,True,35000.0,35000.0,True,727,402,0.00010905,0.00024119999999999998,0.00035025
experiment_13,5,18,1,True,1256.0,1256.0,True,1989,1038,0.0028481,0.0055014,0.0083495
experiment_13,6,1,0,True,78.64,78.6376025,True,672,318,0.0001008,0.00019079999999999998,0.0002916
experiment_13,6,2,1,True,15.0,15.0,True,1078,398,0.0017079999999999999,0.0021094,0.0038174
experiment_13,6,3,0,True,12000.0,12000.0,True,650,294,9.75e-05,0.0001764,0.0002739
experiment_13,6,4,0,True,7.37,7.3703704,True,631,367,9.465e-05,0.00022019999999999999,0.00031485
experiment_13,6,5,0,True,240.9,240.89999999999998,True,964,597,0.0001446,0.0003582,0.0005028
experiment_13,6,6,1,True,2.0,2.0,True,1287,627,0.0019626,0.0034124,0.005375
experiment_13,6,7,0,True,10305.11226,10305.112255,True,746,415,0.0001119,0.000249,0.0003609
experiment_13,6,8,0,True,1000.0,1000.0,True,598,256,8.97e-05,0.0001536,0.0002433
experiment_13,6,9,0,True,20.0,20.0,True,550,224,8.25e-05,0.00013440000000000001,0.00021690000000000001
experiment_13,6,10,0,True,4.0,4.0,True,614,309,9.209999999999999e-05,0.0001854,0.00027749999999999997
experiment_13,6,11,0,True,970.0,970.0,True,686,421,0.0001029,0.0002526,0.0003555
experiment_13,6,12,0,True,3800.0,3800.0,True,755,371,0.00011325,0.0002226,0.00033585
experiment_13,6,13,0,True,12000.0,12000.0,True,636,317,9.539999999999999e-05,0.0001902,0.0002856
experiment_13,6,14,0,True,3.0,3.0,True,636,331,9.539999999999999e-05,0.0001986,0.000294
experiment_13,6,15,0,True,9600.0,9600.0,True,692,417,0.0001038,0.0002502,0.00035400000000000004
experiment_13,6,16,0,True,1380.0,1380.0,True,664,324,9.96e-05,0.0001944,0.000294
experiment_13,6,17,0,True,35000.0,35000.0,True,727,440,0.00010905,0.000264,0.00037305
experiment_13,6,18,0,True,1256.0,1256.0,True,904,553,0.0001356,0.0003318,0.0004674
experiment_13,7,1,0,True,78.64,78.6376025,True,672,296,0.0001008,0.0001776,0.0002784
experiment_13,7,2,1,True,15.0,15.0,True,1079,400,0.0017105,0.00212,0.0038304999999999997
experiment_13,7,3,0,True,12000.0,12000.0,True,650,297,9.75e-05,0.0001782,0.0002757
experiment_13,7,4,0,True,7.37,7.3703704,True,631,349,9.465e-05,0.0002094,0.00030405
experiment_13,7,5,0,True,240.9,240.89999999999998,True,964,514,0.0001446,0.00030839999999999996,0.00045299999999999995
experiment_13,7,6,0,True,2.0,2.0,True,534,262,8.01e-05,0.0001572,0.0002373
experiment_13,7,7,0,True,10305.11226,10305.112255,True,746,423,0.0001119,0.0002538,0.0003657
experiment_13,7,8,0,True,1000.0,1000.0,True,598,269,8.97e-05,0.0001614,0.0002511
experiment_13,7,9,0,True,20.0,20.0,True,550,198,8.25e-05,0.0001188,0.00020130000000000001
experiment_13,7,10,0,True,4.0,4.0,True,614,269,9.209999999999999e-05,0.0001614,0.0002535
experiment_13,7,11,0,True,970.0,970.0,True,686,428,0.0001029,0.0002568,0.0003597
experiment_13,7,12,0,True,3800.0,3800.0,True,755,365,0.00011325,0.000219,0.00033225
experiment_13,7,13,0,True,12000.0,12000.0,True,636,309,9.539999999999999e-05,0.0001854,0.0002808
experiment_13,7,14,0,True,3.0,3.0,True,636,299,9.539999999999999e-05,0.0001794,0.00027479999999999996
experiment_13,7,15,0,True,9600.0,9600.0,True,692,400,0.0001038,0.00024,0.0003438
experiment_13,7,16,0,True,1380.0,1380.0,True,664,318,9.96e-05,0.00019079999999999998,0.00029039999999999996
experiment_13,7,17,0,True,35000.0,35000.0,True,727,409,0.00010905,0.0002454,0.00035444999999999997
experiment_13,7,18,0,True,1256.0,1493.0,False,904,579,0.0001356,0.0003474,0.000483
experiment_13,8,1,0,True,78.64,78.6376025,True,672,314,0.0001008,0.0001884,0.0002892
experiment_13,8,2,1,True,15.0,15.0,True,1070,382,0.0016879999999999998,0.0020246,0.0037126
experiment_13,8,3,0,True,12000.0,12000.0,True,650,272,9.75e-05,0.00016319999999999998,0.0002607
experiment_13,8,4,0,True,7.37,7.3703704,True,631,349,9.465e-05,0.0002094,0.00030405
experiment_13,8,5,0,True,240.9,240.89999999999998,True,964,507,0.0001446,0.00030419999999999997,0.00044879999999999996
experiment_13,8,6,0,True,2.0,2.0,True,534,294,8.01e-05,0.0001764,0.0002565
experiment_13,8,7,0,True,10305.11226,10305.112255,True,746,371,0.0001119,0.0002226,0.0003345
experiment_13,8,8,0,True,1000.0,1000.0,True,598,265,8.97e-05,0.000159,0.0002487
experiment_13,8,9,0,True,20.0,20.0,True,550,196,8.25e-05,0.0001176,0.00020009999999999998
experiment_13,8,10,0,True,4.0,4.0,True,614,289,9.209999999999999e-05,0.0001734,0.0002655
experiment_13,8,11,0,True,970.0,970.0,True,686,405,0.0001029,0.000243,0.0003459
experiment_13,8,12,0,True,3800.0,3800.0,True,755,370,0.00011325,0.000222,0.00033525
experiment_13,8,13,0,True,12000.0,12000.0,True,636,325,9.539999999999999e-05,0.000195,0.0002904
experiment_13,8,14,0,True,3.0,3.0,True,636,309,9.539999999999999e-05,0.0001854,0.0002808
experiment_13,8,15,1,True,9600.0,9600.0,True,1648,838,0.0024938,0.0044414,0.0069352
experiment_13,8,16,0,True,1380.0,1380.0,True,664,355,9.96e-05,0.000213,0.0003126
experiment_13,8,17,0,True,35000.0,35000.0,True,727,425,0.00010905,0.000255,0.00036405
experiment_13,8,18,0,True,1256.0,1048.0,False,904,567,0.0001356,0.0003402,0.00047579999999999996
experiment_13,9,1,0,True,78.64,78.6376025,True,672,309,0.0001008,0.0001854,0.0002862
experiment_13,9,2,0,True,15.0,15.0,True,420,191,6.3e-05,0.0001146,0.00017759999999999998
experiment_13,9,3,0,True,12000.0,12000.0,True,650,277,9.75e-05,0.0001662,0.0002637
experiment_13,9,4,1,True,7.37,7.3703704,True,1271,676,0.00169465,0.0036674,0.00536205
experiment_13,9,5,0,True,240.9,240.89999999999998,True,964,568,0.0001446,0.0003408,0.0004854
experiment_13,9,6,1,True,2.0,2.0,True,1296,649,0.0019851,0.0035478000000000003,0.0055329
experiment_13,9,7,0,True,10305.11226,-277513.3348,False,746,386,0.0001119,0.0002316,0.0003435
experiment_13,9,8,0,True,1000.0,1000.0,True,598,280,8.97e-05,0.000168,0.0002577
experiment_13,9,9,0,True,20.0,20.0,True,550,204,8.25e-05,0.0001224,0.0002049
experiment_13,9,10,0,True,4.0,4.0,True,614,262,9.209999999999999e-05,0.0001572,0.0002493
experiment_13,9,11,0,True,970.0,970.0,True,686,447,0.0001029,0.0002682,0.0003711
experiment_13,9,12,0,True,3800.0,3800.0,True,755,369,0.00011325,0.00022140000000000001,0.00033465000000000003
experiment_13,9,13,0,True,12000.0,12000.0,True,636,286,9.539999999999999e-05,0.0001716,0.000267
experiment_13,9,14,0,True,3.0,3.0,True,636,336,9.539999999999999e-05,0.0002016,0.00029699999999999996
experiment_13,9,15,0,True,9600.0,9600.0,True,692,411,0.0001038,0.0002466,0.00035039999999999995
experiment_13,9,16,0,True,1380.0,1380.0,True,664,347,9.96e-05,0.0002082,0.0003078
experiment_13,9,17,0,True,35000.0,35000.0,True,727,451,0.00010905,0.00027059999999999996,0.00037964999999999993
experiment_13,9,18,1,True,1256.0,1048.0,False,2070,1200,0.0030506,0.00636,0.0094106
experiment_13,10,1,0,True,78.64,78.6376025,True,672,315,0.0001008,0.000189,0.0002898
experiment_13,10,2,0,True,15.0,15.0,True,420,192,6.3e-05,0.0001152,0.0001782
experiment_13,10,3,1,True,12000.0,12000.0,True,1459,600,0.00212,0.00318,0.0053
experiment_13,10,4,0,True,7.37,7.3703704,True,631,352,9.465e-05,0.00021119999999999998,0.00030585
experiment_13,10,5,0,True,240.9,240.89999999999998,True,964,555,0.0001446,0.000333,0.0004776
experiment_13,10,6,0,True,2.0,2.0,True,534,297,8.01e-05,0.0001782,0.0002583
experiment_13,10,7,0,True,10305.11226,10305.112255,True,746,442,0.0001119,0.0002652,0.0003771
experiment_13,10,8,0,True,1000.0,1000.0,True,598,247,8.97e-05,0.0001482,0.00023789999999999998
experiment_13,10,9,0,True,20.0,20.0,True,550,194,8.25e-05,0.0001164,0.0001989
experiment_13,10,10,0,True,4.0,4.0,True,614,255,9.209999999999999e-05,0.000153,0.0002451
experiment_13,10,11,0,True,970.0,970.0,True,686,386,0.0001029,0.0002316,0.0003345
experiment_13,10,12,0,True,3800.0,3800.0,True,755,376,0.00011325,0.00022559999999999998,0.00033884999999999997
experiment_13,10,13,0,True,12000.0,12000.0,True,636,273,9.539999999999999e-05,0.00016379999999999997,0.00025919999999999996
experiment_13,10,14,0,True,3.0,3.0,True,636,315,9.539999999999999e-05,0.000189,0.0002844
experiment_13,10,15,0,True,9600.0,9600.0,True,692,396,0.0001038,0.0002376,0.0003414
experiment_13,10,16,0,True,1380.0,1380.0,True,664,313,9.96e-05,0.00018779999999999998,0.0002874
experiment_13,10,17,0,True,35000.0,35000.0,True,727,414,0.00010905,0.00024839999999999997,0.00035744999999999993
experiment_13,10,18,0,True,1256.0,1048.0,False,904,509,0.0001356,0.0003054,0.000441
experiment_14,1,1,0,True,78.64,78.6376025,True,672,322,0.00168,0.00322,0.0049
experiment_14,1,2,0,True,15.0,15.0,True,420,189,0.00105,0.00189,0.00294
experiment_14,1,3,0,True,12000.0,12000.0,True,650,300,0.001625,0.003,0.004625
experiment_14,1,4,0,True,7.37,7.3703704,True,631,370,0.0015775,0.0037,0.0052775
experiment_14,1,5,0,True,240.9,240.89999999999998,True,964,494,0.00241,0.00494,0.00735
experiment_14,1,6,0,True,2.0,2.0,True,534,333,0.001335,0.00333,0.004665
experiment_14,1,7,0,True,10305.11226,10305.112255,True,746,381,0.001865,0.00381,0.0056749999999999995
experiment_14,1,8,0,True,1000.0,1000.0,True,598,321,0.001495,0.00321,0.004705
experiment_14,1,9,0,True,20.0,20.0,True,550,197,0.001375,0.00197,0.003345
experiment_14,1,10,0,True,4.0,4.0,True,614,295,0.001535,0.00295,0.004484999999999999
experiment_14,1,11,0,True,970.0,970.0,True,686,354,0.001715,0.00354,0.005255
experiment_14,1,12,0,True,3800.0,3800.0,True,755,414,0.0018875,0.00414,0.0060275
experiment_14,1,13,0,True,12000.0,12000.0,True,636,295,0.00159,0.00295,0.00454
experiment_14,1,14,0,True,3.0,3.0,True,636,335,0.00159,0.00335,0.00494
experiment_14,1,15,0,True,9600.0,9600.0,True,692,392,0.00173,0.00392,0.00565
experiment_14,1,16,0,True,1380.0,1380.0,True,664,346,0.00166,0.00346,0.0051199999999999996
experiment_14,1,17,0,True,35000.0,35000.0,True,727,424,0.0018175,0.00424,0.0060575
experiment_14,1,18,0,True,1256.0,1256.0,True,904,518,0.00226,0.00518,0.0074399999999999996
experiment_14,2,1,0,True,78.64,78.6376025,True,672,352,0.00168,0.00352,0.0052
experiment_14,2,2,0,True,15.0,15.0,True,420,185,0.00105,0.00185,0.0029
experiment_14,2,3,0,True,12000.0,12000.0,True,650,316,0.001625,0.00316,0.004785
experiment_14,2,4,0,True,7.37,7.3703704,True,631,380,0.0015775,0.0038,0.0053775
experiment_14,2,5,0,True,240.9,240.89999999999998,True,964,518,0.00241,0.00518,0.0075899999999999995
experiment_14,2,6,0,True,2.0,2.0,True,534,314,0.001335,0.00314,0.004475
experiment_14,2,7,1,True,10305.11226,10305.112255,True,1405,886,0.0035125,0.00886,0.0123725
experiment_14,2,8,0,True,1000.0,1000.0,True,598,247,0.001495,0.00247,0.003965
experiment_14,2,9,0,True,20.0,20.0,True,550,214,0.001375,0.00214,0.003515
experiment_14,2,10,0,True,4.0,4.0,True,614,296,0.001535,0.00296,0.004495
experiment_14,2,11,0,True,970.0,970.0,True,686,383,0.001715,0.00383,0.005545
experiment_14,2,12,0,True,3800.0,3800.0,True,755,426,0.0018875,0.00426,0.0061475
experiment_14,2,13,0,True,12000.0,12000.0,True,636,289,0.00159,0.00289,0.0044800000000000005
experiment_14,2,14,0,True,3.0,3.0,True,636,279,0.00159,0.00279,0.00438
experiment_14,2,15,0,True,9600.0,9600.0,True,692,395,0.00173,0.00395,0.00568
experiment_14,2,16,0,True,1380.0,1380.0,True,664,324,0.00166,0.00324,0.0049
experiment_14,2,17,0,True,35000.0,35000.0,True,727,396,0.0018175,0.00396,0.0057775
experiment_14,2,18,0,True,1256.0,1256.0,True,904,529,0.00226,0.00529,0.00755
experiment_14,3,1,0,True,78.64,78.6376025,True,672,328,0.00168,0.00328,0.00496
experiment_14,3,2,0,True,15.0,15.0,True,420,233,0.00105,0.00233,0.00338
experiment_14,3,3,0,True,12000.0,12000.0,True,650,323,0.001625,0.00323,0.004855
experiment_14,3,4,0,True,7.37,7.3703704,True,631,314,0.0015775,0.00314,0.0047174999999999995
experiment_14,3,5,0,True,240.9,240.89999999999998,True,964,601,0.00241,0.00601,0.00842
experiment_14,3,6,0,True,2.0,2.0,True,534,359,0.001335,0.00359,0.004925
experiment_14,3,7,0,True,10305.11226,12886.666652,False,746,322,0.001865,0.00322,0.005085
experiment_14,3,8,0,True,1000.0,1000.0,True,598,312,0.001495,0.00312,0.004615
experiment_14,3,9,0,True,20.0,20.0,True,550,214,0.001375,0.00214,0.003515
experiment_14,3,10,0,True,4.0,4.0,True,614,248,0.001535,0.00248,0.0040149999999999995
experiment_14,3,11,0,True,970.0,970.0,True,686,336,0.001715,0.00336,0.005075
experiment_14,3,12,0,True,3800.0,3800.0,True,755,336,0.0018875,0.00336,0.0052475
experiment_14,3,13,0,True,12000.0,12000.0,True,636,283,0.00159,0.00283,0.00442
experiment_14,3,14,0,True,3.0,3.0,True,636,316,0.00159,0.00316,0.00475
experiment_14,3,15,0,True,9600.0,9600.0,True,692,412,0.00173,0.00412,0.00585
experiment_14,3,16,0,True,1380.0,1380.0,True,664,370,0.00166,0.0037,0.00536
experiment_14,3,17,0,True,35000.0,35000.0,True,727,464,0.0018175,0.00464,0.0064575
experiment_14,3,18,0,True,1256.0,1256.0,True,904,585,0.00226,0.00585,0.00811
experiment_14,4,1,0,True,78.64,78.6376025,True,672,317,0.00168,0.00317,0.00485
experiment_14,4,2,0,True,15.0,15.0,True,420,178,0.00105,0.00178,0.00283
experiment_14,4,3,0,True,12000.0,12000.0,True,650,324,0.001625,0.00324,0.0048649999999999995
experiment_14,4,4,0,True,7.37,7.3703704,True,631,407,0.0015775,0.00407,0.0056475
experiment_14,4,5,0,True,240.9,240.89999999999998,True,964,482,0.00241,0.00482,0.0072299999999999994
experiment_14,4,6,0,True,2.0,2.0,True,534,296,0.001335,0.00296,0.004295
experiment_14,4,7,0,True,10305.11226,12886.666652,False,746,383,0.001865,0.00383,0.005695
experiment_14,4,8,0,True,1000.0,1000.0,True,598,278,0.001495,0.00278,0.004275
experiment_14,4,9,1,True,20.0,20.0,True,971,418,0.0024275,0.00418,0.0066075
experiment_14,4,10,0,True,4.0,4.0,True,614,299,0.001535,0.00299,0.0045249999999999995
experiment_14,4,11,0,True,970.0,970.0,True,686,378,0.001715,0.00378,0.005495
experiment_14,4,12,0,True,3800.0,3800.0,True,755,325,0.0018875,0.00325,0.0051375
experiment_14,4,13,0,True,12000.0,12000.0,True,636,274,0.00159,0.00274,0.00433
experiment_14,4,14,0,True,3.0,3.0,True,636,276,0.00159,0.00276,0.00435
experiment_14,4,15,0,True,9600.0,9600.0,True,692,459,0.00173,0.00459,0.00632
experiment_14,4,16,0,True,1380.0,1380.0,True,664,331,0.00166,0.00331,0.0049700000000000005
experiment_14,4,17,0,True,35000.0,35000.0,True,727,393,0.0018175,0.00393,0.005747500000000001
experiment_14,4,18,0,True,1256.0,1256.0,True,904,557,0.00226,0.00557,0.00783
experiment_14,5,1,0,True,78.64,78.6376025,True,672,321,0.00168,0.00321,0.00489
experiment_14,5,2,0,True,15.0,15.0,True,420,183,0.00105,0.00183,0.0028799999999999997
experiment_14,5,3,0,True,12000.0,12000.0,True,650,359,0.001625,0.00359,0.005215
experiment_14,5,4,0,True,7.37,7.3703704,True,631,397,0.0015775,0.00397,0.0055474999999999995
experiment_14,5,5,0,True,240.9,240.89999999999998,True,964,499,0.00241,0.00499,0.0073999999999999995
experiment_14,5,6,0,True,2.0,2.0,True,534,355,0.001335,0.00355,0.0048850000000000005
experiment_14,5,7,0,True,10305.11226,10305.112255,True,746,424,0.001865,0.00424,0.006104999999999999
experiment_14,5,8,0,True,1000.0,1000.0,True,598,280,0.001495,0.0028,0.004295
experiment_14,5,9,0,True,20.0,20.0,True,550,196,0.001375,0.00196,0.003335
experiment_14,5,10,0,True,4.0,4.0,True,614,318,0.001535,0.00318,0.0047150000000000004
experiment_14,5,11,0,True,970.0,970.0,True,686,462,0.001715,0.00462,0.006335
experiment_14,5,12,0,True,3800.0,3800.0,True,755,395,0.0018875,0.00395,0.005837500000000001
experiment_14,5,13,0,True,12000.0,12000.0,True,636,300,0.00159,0.003,0.00459
experiment_14,5,14,0,True,3.0,3.0,True,636,330,0.00159,0.0033,0.00489
experiment_14,5,15,0,True,9600.0,9600.0,True,692,414,0.00173,0.00414,0.005869999999999999
experiment_14,5,16,0,True,1380.0,1380.0,True,664,296,0.00166,0.00296,0.00462
experiment_14,5,17,0,True,35000.0,35000.0,True,727,390,0.0018175,0.0039,0.0057175
experiment_14,5,18,0,True,1256.0,1256.0,True,904,508,0.00226,0.00508,0.00734
experiment_14,6,1,0,True,78.64,78.6376025,True,672,341,0.00168,0.00341,0.00509
experiment_14,6,2,0,True,15.0,15.0,True,420,221,0.00105,0.00221,0.00326
experiment_14,6,3,0,True,12000.0,12000.0,True,650,292,0.001625,0.00292,0.0045449999999999996
experiment_14,6,4,0,True,7.37,7.3703704,True,631,377,0.0015775,0.00377,0.0053475
experiment_14,6,5,0,True,240.9,240.89999999999998,True,964,499,0.00241,0.00499,0.0073999999999999995
experiment_14,6,6,0,True,2.0,2.0,True,534,332,0.001335,0.00332,0.004655
experiment_14,6,7,0,True,10305.11226,10305.112255,True,746,348,0.001865,0.00348,0.005345
experiment_14,6,8,0,True,1000.0,1000.0,True,598,254,0.001495,0.00254,0.004035
experiment_14,6,9,1,True,20.0,20.0,True,996,459,0.00249,0.00459,0.00708
experiment_14,6,10,0,True,4.0,4.0,True,614,256,0.001535,0.00256,0.004095
experiment_14,6,11,0,True,970.0,970.0,True,686,379,0.001715,0.00379,0.0055049999999999995
experiment_14,6,12,0,True,3800.0,3800.0,True,755,361,0.0018875,0.00361,0.0054975
experiment_14,6,13,0,True,12000.0,12000.0,True,636,299,0.00159,0.00299,0.00458
experiment_14,6,14,1,True,3.0,3.0,True,1136,569,0.00284,0.005690000000000001,0.008530000000000001
experiment_14,6,15,0,True,9600.0,9600.0,True,692,373,0.00173,0.00373,0.00546
experiment_14,6,16,0,True,1380.0,1380.0,True,664,333,0.00166,0.00333,0.00499
experiment_14,6,17,0,True,35000.0,35000.0,True,727,417,0.0018175,0.00417,0.0059875
experiment_14,6,18,0,True,1256.0,1256.0,True,904,591,0.00226,0.00591,0.00817
experiment_14,7,1,0,True,78.64,78.6376025,True,672,361,0.00168,0.00361,0.0052899999999999996
experiment_14,7,2,0,True,15.0,15.0,True,420,190,0.00105,0.0019,0.00295
experiment_14,7,3,0,True,12000.0,12000.0,True,650,308,0.001625,0.00308,0.004705
experiment_14,7,4,0,True,7.37,7.3703704,True,631,331,0.0015775,0.00331,0.0048874999999999995
experiment_14,7,5,0,True,240.9,240.89999999999998,True,964,547,0.00241,0.00547,0.00788
experiment_14,7,6,0,True,2.0,2.0,True,534,348,0.001335,0.00348,0.004815
experiment_14,7,7,0,True,10305.11226,10305.112255,True,746,416,0.001865,0.00416,0.006024999999999999
experiment_14,7,8,0,True,1000.0,1000.0,True,598,322,0.001495,0.00322,0.0047150000000000004
experiment_14,7,9,0,True,20.0,20.0,True,550,196,0.001375,0.00196,0.003335
experiment_14,7,10,1,True,4.0,4.0,True,1138,617,0.002845,0.00617,0.009015
experiment_14,7,11,0,True,970.0,970.0,True,686,355,0.001715,0.00355,0.005265000000000001
experiment_14,7,12,0,True,3800.0,3800.0,True,755,382,0.0018875,0.00382,0.0057075
experiment_14,7,13,0,True,12000.0,12000.0,True,636,285,0.00159,0.00285,0.00444
experiment_14,7,14,0,True,3.0,3.0,True,636,296,0.00159,0.00296,0.00455
experiment_14,7,15,0,True,9600.0,9600.0,True,692,412,0.00173,0.00412,0.00585
experiment_14,7,16,0,True,1380.0,1380.0,True,664,332,0.00166,0.00332,0.00498
experiment_14,7,17,0,True,35000.0,35000.0,True,727,424,0.0018175,0.00424,0.0060575
experiment_14,7,18,0,True,1256.0,1256.0,True,904,531,0.00226,0.00531,0.0075699999999999995
experiment_14,8,1,0,True,78.64,78.6376025,True,672,318,0.00168,0.00318,0.00486
experiment_14,8,2,0,True,15.0,15.0,True,420,182,0.00105,0.00182,0.00287
experiment_14,8,3,0,True,12000.0,12000.0,True,650,265,0.001625,0.00265,0.004275
experiment_14,8,4,0,True,7.37,7.3703704,True,631,320,0.0015775,0.0032,0.0047775000000000005
experiment_14,8,5,0,True,240.9,240.89999999999998,True,964,533,0.00241,0.00533,0.0077399999999999995
experiment_14,8,6,0,True,2.0,2.0,True,534,361,0.001335,0.00361,0.004945
experiment_14,8,7,0,True,10305.11226,10305.112255,True,746,426,0.001865,0.00426,0.006125
experiment_14,8,8,0,True,1000.0,1000.0,True,598,290,0.001495,0.0029,0.004395
experiment_14,8,9,0,True,20.0,20.0,True,550,196,0.001375,0.00196,0.003335
experiment_14,8,10,0,True,4.0,4.0,True,614,256,0.001535,0.00256,0.004095
experiment_14,8,11,0,True,970.0,970.0,True,686,395,0.001715,0.00395,0.005665
experiment_14,8,12,0,True,3800.0,3800.0,True,755,340,0.0018875,0.0034,0.0052875
experiment_14,8,13,0,True,12000.0,12000.0,True,636,367,0.00159,0.00367,0.00526
experiment_14,8,14,0,True,3.0,3.0,True,636,302,0.00159,0.00302,0.00461
experiment_14,8,15,0,True,9600.0,9600.0,True,692,459,0.00173,0.00459,0.00632
experiment_14,8,16,0,True,1380.0,1380.0,True,664,362,0.00166,0.00362,0.00528
experiment_14,8,17,0,True,35000.0,35000.0,True,727,473,0.0018175,0.00473,0.0065474999999999995
experiment_14,8,18,0,True,1256.0,1256.0,True,904,544,0.00226,0.00544,0.0077
experiment_14,9,1,0,True,78.64,78.6376025,True,672,332,0.00168,0.00332,0.005
experiment_14,9,2,0,True,15.0,15.0,True,420,201,0.00105,0.00201,0.0030600000000000002
experiment_14,9,3,0,True,12000.0,12000.0,True,650,294,0.001625,0.00294,0.004565
experiment_14,9,4,0,True,7.37,7.3703704,True,631,315,0.0015775,0.00315,0.0047275
experiment_14,9,5,0,True,240.9,240.89999999999998,True,964,450,0.00241,0.0045,0.0069099999999999995
experiment_14,9,6,0,True,2.0,2.0,True,534,306,0.001335,0.00306,0.004395
experiment_14,9,7,0,True,10305.11226,10305.112255,True,746,390,0.001865,0.0039,0.005764999999999999
experiment_14,9,8,0,True,1000.0,1000.0,True,598,250,0.001495,0.0025,0.003995
experiment_14,9,9,0,True,20.0,20.0,True,550,204,0.001375,0.00204,0.003415
experiment_14,9,10,1,True,4.0,4.0,True,1113,599,0.0027825,0.0059900000000000005,0.0087725
experiment_14,9,11,0,True,970.0,970.0,True,686,383,0.001715,0.00383,0.005545
experiment_14,9,12,0,True,3800.0,3800.0,True,755,347,0.0018875,0.00347,0.0053575
experiment_14,9,13,0,True,12000.0,12000.0,True,636,289,0.00159,0.00289,0.0044800000000000005
experiment_14,9,14,0,True,3.0,3.0,True,636,297,0.00159,0.00297,0.00456
experiment_14,9,15,0,True,9600.0,9600.0,True,692,374,0.00173,0.00374,0.00547
experiment_14,9,16,0,True,1380.0,1380.0,True,664,321,0.00166,0.00321,0.00487
experiment_14,9,17,0,True,35000.0,35000.0,True,727,385,0.0018175,0.00385,0.005667500000000001
